uuid,name,email,phone
c205a839-cd39-acac-cc76-73a36e6bf963,Darrell Wilkins,elusions2058@outlook.com,1-895-922-9206
ee212774-efca-abc7-fe7c-622de3d2e218,Nakita Simpson,nonmarriageableness1931@yandex.com,832-158-3073
a3cff423-8953-3bc7-f306-605021579501,Rod Boyle,gummers1858@gmail.com,488-294-4921
10310e8c-f5ad-650f-e0c3-d7568114f72b,Clark Morgan,aletaster1877@yandex.com,1-811-541-0984
c642a267-e62c-04ff-63e0-571eeea26196,Harlan Boyd,bobadil1844@yandex.com,250.128.0163
65ee6954-856a-dbb7-47bc-95d3e955de2b,Oren Mcneil,prisons2046@gmail.com,(091) 231-6749
637d9757-3c5c-3eaa-5acd-7719ecfa1d70,Carolyne Campbell,didani1899@yahoo.com,592-141-7084
1549b21d-f5cc-7446-b5b4-09b133900c14,Darin Holman,batch1871@yahoo.com,1-804-801-8046
68e9f76a-0631-c705-d107-18d541bf8a04,Mary Holden,blacklegging2022@gmail.com,(203) 270-5570
d03725f3-3c21-cdb8-592b-03a5ad3404ab,Sarina Langley,bygones1967@live.com,058-436-0311
37ec80a9-dbb4-689d-d3d9-97f761a0f729,Oswaldo Brown,habanera1957@gmail.com,872.377.3228
a98b17e7-e81c-5332-d307-22a2eac47628,Nickolas Garcia,chine1972@outlook.com,1-480-440-2198
47862abf-6c3d-62d1-abba-65f341855d04,Omega Matthews,bigwig2000@live.com,596-388-3184
5ca47cc3-5274-e2ef-bda6-578fd6400a5d,Antonio Gaines,convected1938@yahoo.com,1-233-757-8244
d155a4a6-2a54-4045-38c4-b3173824cc76,Johna Decker,burrower1961@gmail.com,(571) 050-5324
b44bc5cd-ce22-717f-4143-064d8639ea98,Eladia Fulton,bronchiole2012@outlook.com,947.279.5917
923a44ec-147e-0d1b-0b20-e5a762619426,August Wyatt,camata1908@yandex.com,798.116.5413
a7b082a5-512d-c159-eaad-a5b9c350a748,Denver French,us2002@gmail.com,+1-(691)-902-3606
7b1743ed-be06-4dce-6caf-74dcaf0fea38,Maragaret West,procline2036@yandex.com,1-213-876-0756
f60442b2-d46a-8211-a83a-984216c06467,Apryl Short,hemopathy1976@live.com,458.405.5641
1d1c457c-bcc9-456b-24a6-5f650782a552,Christeen Harrison,avenger1914@yahoo.com,271-566-0222
fe4338cb-287e-6c87-9b1f-e89c991702b8,Chanell Glass,coronet1854@live.com,527-289-6770
d60eac51-940e-4a0e-74bd-bb98415eda6f,Garret Shields,chinaberry1865@yandex.com,771.974.1708
472acb26-ef61-cc28-e29a-9c60beca5454,Micheal Mcknight,rovers1996@gmail.com,1-679-118-4274
6dd6f6d3-064c-e3f4-f857-06ccfb318776,Lawrence Copeland,bilayer1929@gmail.com,003.154.2341
fd9d418d-6cda-155b-7729-47d14de584e2,Dan Horn,pupillonian1802@live.com,1-542-967-0515
2bd7ae90-75f6-b8ad-3fe7-038c2ae5a4cb,Jerrold Cleveland,costed1811@yandex.com,871-353-7854
a0a9017a-18eb-e62b-69bd-e10fb5a88e2b,Lili Coleman,ciscos1959@outlook.com,068-825-6489
26909f75-2ad7-e195-33b0-5c9cd5d193b4,Jolyn Lopez,donkey1826@gmail.com,834-761-3985
ce3d0bea-2843-bdce-27d8-45248b9bf592,Delpha Miles,dosanjh1970@live.com,(220) 112-3099
2065a876-cae0-ba43-29be-19c35cc76027,Cleopatra Chan,chatting1961@yahoo.com,390-977-0873
682b29f1-1637-c416-8b61-12526713bc9c,Chae Matthews,musician1858@live.com,(841) 918-2546
051eec9a-3482-6d4b-1f5d-259ebba96e3a,Lucius Torres,snowshoe2008@outlook.com,224.022.8758
dba22dac-a291-2734-f811-188ecd70a2a8,Renna Pennington,ditrematous1901@gmail.com,276.620.6037
7ede7861-0bca-cde6-6e3d-c720b5272fd2,Lindsay Combs,zebu1868@live.com,1-894-069-4595
2b17781d-1672-0e9d-3ef8-e93c98e12ad5,Barbar Nixon,vertebras1925@live.com,1-537-237-0099
2e45163c-b7a9-c9e9-1651-b6f25d70288d,Blair Bean,boards2030@live.com,+1-(644)-408-3922
5e041371-4767-4863-34cb-a734ff76f852,Burt Smith,uterometer2058@yandex.com,1-931-397-8978
ba2b226b-0c34-46ec-c7b2-6805942e7cfc,Jessenia Gamble,livering1822@outlook.com,+1-(268)-281-8405
be120861-33f1-a158-49ba-2afa26135689,Emmie Alexander,ether2068@yandex.com,+1-(237)-263-4273
c865636d-14b5-b4a8-492e-168dd4720aa6,Darin Duffy,cyanizing2070@live.com,601-987-3417
42c0eb39-adf3-232c-5daa-ca3225c00b9a,Andy Holcomb,alay1863@yahoo.com,063.800.4848
58e3c4bd-d930-a67f-2589-7ba5562a6032,Jeffery Carlson,divots1932@gmail.com,958-516-6082
f4633042-d373-d66a-bcf0-0b27ed81f6f3,Les Levy,doodad1894@yandex.com,(354) 621-9493
9868673a-6fa9-e261-a654-503ff10714b3,Nickolas Higgins,athenor1974@gmail.com,1-600-351-6329
dfff7230-7b0a-0730-945f-df4718044342,Lakenya Pratt,panicked1965@gmail.com,187-467-0211
0fafbf85-503a-f3ca-429f-9ce3ea8c613b,Mitchel Shields,emblem1972@yahoo.com,+1-(059)-919-5820
2dfb077d-70ac-dd97-fe0a-21f022b414da,Ike Cantrell,inspector1982@outlook.com,713.405.9365
5435d609-73f3-2845-3bd1-11086007968e,Eric Stevens,hiding2021@outlook.com,+1-(868)-974-2422
9f51a8c9-ed75-2898-1cf6-e0f88df88206,Billi Mejia,beleaguering1832@live.com,+1-(530)-247-2158
7a78960e-2aa7-5ed8-b928-0a9257995beb,Karma Rosario,sledged1911@yandex.com,177.043.5705
0b1e7469-fd5e-2735-f0c0-1812692362f8,Teofila Ochoa,nozi1884@outlook.com,(177) 690-8668
429ca3a9-226e-cada-11a1-a98a964f9a09,Markus Mclean,colloid2012@live.com,+1-(887)-250-5653
a1440062-31d6-63bd-aa02-43fb50c48732,Ryan Thomas,peccable1998@yahoo.com,932-230-0425
81f1c925-cd17-fb76-dea5-61cfdd85f691,Alonzo Fowler,woodenweary1895@gmail.com,286.906.0056
e9027bca-d93c-1421-d404-f115aee71f51,Ezequiel Cameron,elianora1968@yandex.com,432.073.8101
fec7d2fa-104a-0ed2-8648-e1504df86b2d,Alex Mitchell,adventurer1829@yandex.com,(673) 100-9210
1c8a496e-dc8a-243f-35da-78650bd0f257,Belia Rowe,ashamed1922@gmail.com,749-931-6590
2f080f8c-67d5-cbd8-735c-e45046159c4c,Mitchell Larsen,catalysis1805@gmail.com,190.311.0234
1921b8ef-e75b-7362-be14-c021848eb5fa,Loan Buckley,arachnoid1947@gmail.com,442.196.3146
79df484b-ea9c-c96f-e56d-30a0f0f1eb56,Fae Barr,longshoremen1914@yandex.com,(617) 425-4961
6cd7d3d0-2089-5cb3-5334-29456c28c78b,Odell Brown,minae1984@yandex.com,1-389-017-3269
239e22d8-609b-569a-4bff-efd3ae0e6c2a,Edmond Burnett,briar1859@yahoo.com,1-289-432-2211
6a1618a3-ce73-25f6-2209-a2622bcd5f0e,Arnoldo Scott,verdi1919@live.com,1-255-579-5542
dcc27d38-6aa5-22bf-9fe8-d8ef09cf2eb9,Ellsworth Marks,arcus1929@gmail.com,009.551.9057
a4e8151a-06f1-f58d-f4bb-e545e42591d0,Lachelle Dean,intendancies2032@yandex.com,1-781-048-1858
4c312821-e479-0bf6-1043-47f621d03067,Pearlene Flores,burrower1897@yandex.com,401-882-9878
eb45e0bd-7e7c-c141-e4ad-32a011069b78,Federico Moon,doubts1846@live.com,(180) 383-5705
643f50e8-67a1-7eee-cbe6-1eb0b09d1d88,Tegan Contreras,decatur2045@yandex.com,302-507-2982
605edac5-1fcf-f8a1-b112-a5f96bd784f1,Brandon Strickland,celature1912@yahoo.com,(563) 464-6063
c7394034-d249-1be1-95b1-095f93970fb0,Barton Guzman,paleichthyology1898@yandex.com,1-932-554-5131
9b3f1124-8940-e92e-8cbc-39be6f03a57e,Vannessa Allison,shove1872@yandex.com,(748) 503-4605
b3217816-e3da-05b9-5e95-93678a1bdf2e,Royal Ellis,palmae2027@live.com,568.774.2221
163502a8-8cd3-e4ce-4c3e-cbeb140c2055,Andrew Donovan,bemar2013@live.com,768-946-6839
3582e276-7bfb-f420-6560-23e89f414147,Hyo Hughes,banky1994@live.com,1-337-497-7362
10d228b1-7011-1bd9-c958-a3f7796568b7,Jeffrey Hunt,choctaw2055@live.com,(868) 205-6874
86e55a52-975c-fc6c-98c8-6d88b6c3f411,Armanda Fuller,enkidu1950@yandex.com,132.594.5462
0056c8d7-c8f1-a60c-c877-92630f1a3d70,Christene Kline,crab1842@outlook.com,731.867.4646
a8f25917-1eb0-4294-9ce4-e5a2d81bc354,Zachery Morrison,surcease2059@outlook.com,737.952.2011
cff8c844-c150-12fc-bec1-6601de9ebf08,Treena Meadows,porkpie1883@yandex.com,1-569-488-8095
fb54e40a-6ff5-dfd6-81dc-bfeb71c5dc20,Orville Britt,elephantseal1859@outlook.com,1-023-880-8007
30533cbb-53de-1620-a624-abed8d731c71,Jenell Andrews,bloodstains1902@yandex.com,+1-(483)-661-0699
8b47f34e-2a18-65fd-0810-f67b00a1724e,Johnnie Wilkerson,cementation1895@gmail.com,+1-(942)-588-5368
7fcd094a-88c0-143d-d259-647495368f54,Heath Garcia,coils2004@live.com,697.407.0996
aadfb112-7ab9-2d5d-648e-f64d3430cc66,Dante Burris,heteroclinous1886@outlook.com,(297) 753-8828
5fd3dcaf-ffb9-48fe-18c1-9499ec4d5a76,Isaias Morgan,cruth1823@yandex.com,048.482.0319
2755d276-f437-f21b-2614-bf76d01c4f29,Anton Bowers,electrobath1875@live.com,1-970-242-1148
706bbcf0-6a4f-ee63-d296-dbddc7fd54f2,Everette Potter,discolor1978@outlook.com,(661) 041-0936
4eca079d-30d5-e536-0f95-78561aa2a1f1,Shae Stein,coquelicot2058@gmail.com,1-698-117-5258
3b552a24-5503-1ec3-e90c-5e90b04bc887,Dorian Sandoval,untangling1923@outlook.com,(884) 772-0793
72ecfbc0-c397-f856-5c1f-de5ce1248ebc,Rheba Browning,novelette1988@yahoo.com,778.228.9772
dc1fec9d-61bf-927f-6904-a5b546b6725f,Thurman Welch,craft2015@yahoo.com,346-125-9193
779d3fc4-b5d0-d4fe-4352-7243cbda7823,Kandace Luna,pecky1842@outlook.com,(122) 539-3017
c56f2bb6-4b6f-06c0-e59c-2b7c63f1d951,Elza Bates,cavum1894@yahoo.com,337.647.2959
c3c3f788-d955-18ea-023c-57e1403f3a95,Antwan Cochran,balcony1805@gmail.com,071-198-6889
9b2c058d-cba7-4a37-ae4d-fd9ccbfc702e,Talisha Burch,dynamism2066@outlook.com,(022) 573-3880
9d2cfee9-5161-0bf1-6cb3-6d364fdbe2f5,Alberto Swanson,documentary2026@outlook.com,567-043-4797
c55934fb-531f-5e3f-5623-73a2a6c2b94f,Marya Flowers,fossorial1863@gmail.com,016-494-3978
daec9c6d-f5c5-1b74-77e9-4c9e6ae865af,Karren Casey,axoplasms1924@outlook.com,835-155-7308
6d8d50a2-6f19-4186-04aa-bacc62c3b30b,Jeremiah Brennan,censored1939@yahoo.com,971.433.8300
